"Yr","Seas","FltSvy","Gender","Part","Nsamp","F18","F20","F22","F24","F26","F28","F30","F32","F34","F36","F38","F40","F42","F44","F46","F48","F50","F52","F54","F56","F58","F60","F62","F64","F66","F68","F70","F72","F74","F76","F78","F80","F82","F84","F86","F88","F90","M18","M20","M22","M24","M26","M28","M30","M32","M34","M36","M38","M40","M42","M44","M46","M48","M50","M52","M54","M56","M58","M60","M62","M64","M66","M68","M70","M72","M74","M76","M78","M80","M82","M84","M86","M88","M90"
2005,1,1,0,1,1,0,0,0,0,0,0,0,0,0,0,0,0,0,0,0,0,0,0,0,0,0,0,0,0,0,0.315789473684211,0,0,0,0,0,0.684210526315789,0,0,0,0,0,0,0,0,0,0,0,0,0,0,0,0,0,0,0,0,0,0,0,0,0,0,0,0,0,0,0.315789473684211,0,0,0,0,0,0.684210526315789,0,0,0,0,0
2006,1,1,0,1,69,0.0435455391417639,0.0494844552023723,0.0333770989787813,0.0101391363008414,0.0405565452033656,0.0104907826465353,0.0511059355741832,0.0230849313978694,0.000429789978070348,0.0132551136418514,0.0143295885870273,0.00831252889404241,0.0237718843040364,0.0110890099701082,0.0140443921426011,0.0486357568239957,0.0917013376634569,0.128200081620068,0.0941290892075238,0.0904174436597724,0.0893829695286524,0.0695517640801287,0.0262445937571867,0.0116752185880233,0.00156028409259038,0.00017582317284696,0.00119169039374051,0,0,0,0,0.00011721544856464,0,0,0,0,0,0.0435455391417639,0.0494844552023723,0.0333770989787813,0.0101391363008414,0.0405565452033656,0.0104907826465353,0.0511059355741832,0.0230849313978694,0.000429789978070348,0.0132551136418514,0.0143295885870273,0.00831252889404241,0.0237718843040364,0.0110890099701082,0.0140443921426011,0.0486357568239957,0.0917013376634569,0.128200081620068,0.0941290892075238,0.0904174436597724,0.0893829695286524,0.0695517640801287,0.0262445937571867,0.0116752185880233,0.00156028409259038,0.00017582317284696,0.00119169039374051,0,0,0,0,0.00011721544856464,0,0,0,0,0
2007,1,1,0,1,122,0.00943356816356019,0.0108042575548467,0.00378955302296862,0.000433379734009709,0,0.000413222537079025,0.000413222537079025,0.000413222537079025,0,0.000685344695643261,0.000151178976980131,0.0085096966375705,0.000745816286435314,0.00630248357366058,0.0348405702653223,0.068171068082443,0.146325122831278,0.15694745219005,0.182712810699746,0.12772583800128,0.0929377086367905,0.0801061811138779,0.0267902494270585,0.0112477158873218,0.0186755253475649,0.00587438310551367,0.00258588040625063,0.00257148240844299,0.0001914933708415,0.000201571969306842,0,0,0,0,0,0,0,0.00943356816356019,0.0108042575548467,0.00378955302296862,0.000433379734009709,0,0.000413222537079025,0.000413222537079025,0.000413222537079025,0,0.000685344695643261,0.000151178976980131,0.0085096966375705,0.000745816286435314,0.00630248357366058,0.0348405702653223,0.068171068082443,0.146325122831278,0.15694745219005,0.182712810699746,0.12772583800128,0.0929377086367905,0.0801061811138779,0.0267902494270585,0.0112477158873218,0.0186755253475649,0.00587438310551367,0.00258588040625063,0.00257148240844299,0.0001914933708415,0.000201571969306842,0,0,0,0,0,0,0
2008,1,1,0,1,113,0,5.64043864443786e-05,0,0,0,0,0,0,0,2.82021932221893e-05,0.0010575822458321,0.000375223466013319,0.00487688287059152,0.00637881736471347,0.0144278178110522,0.0211057555769133,0.0357440505491347,0.0872595550713426,0.135718753390975,0.142687786203833,0.147844525226669,0.172655047812923,0.0972406417776314,0.0730654244261844,0.0300641476108694,0.0176299314977716,0.00639147165649913,0.00448386823963056,0.000699414391910295,0.000208696229844201,0,0,0,0,0,0,0,0,5.64043864443786e-05,0,0,0,0,0,0,0,2.82021932221893e-05,0.0010575822458321,0.000375223466013319,0.00487688287059152,0.00637881736471347,0.0144278178110522,0.0211057555769133,0.0357440505491347,0.0872595550713426,0.135718753390975,0.142687786203833,0.147844525226669,0.172655047812923,0.0972406417776314,0.0730654244261844,0.0300641476108694,0.0176299314977716,0.00639147165649913,0.00448386823963056,0.000699414391910295,0.000208696229844201,0,0,0,0,0,0,0
2009,1,1,0,1,97,0,0,0,0,0,0,0.000237501874162532,0.000385940545514114,0.00779748340609862,0.00714612678228066,0.0242419635233814,0.0296779112147159,0.0289592158097269,0.00966868515843892,0.0326384566145763,0.0968930907311786,0.156954375572368,0.220356401534587,0.184929226358597,0.105021796554989,0.0547082716680645,0.0148290232680231,0.0243373322782142,0.000534379216865696,7.42193356757912e-05,7.42193356757912e-05,0.000534379216865696,0,0,0,0,0,0,0,0,0,0,0,0,0,0,0,0,0.000237501874162532,0.000385940545514114,0.00779748340609862,0.00714612678228066,0.0242419635233814,0.0296779112147159,0.0289592158097269,0.00966868515843892,0.0326384566145763,0.0968930907311786,0.156954375572368,0.220356401534587,0.184929226358597,0.105021796554989,0.0547082716680645,0.0148290232680231,0.0243373322782142,0.000534379216865696,7.42193356757912e-05,7.42193356757912e-05,0.000534379216865696,0,0,0,0,0,0,0,0,0,0
2010,1,1,0,1,227,0,0,3.78917664063008e-05,1.3532773716536e-05,9.74359707590592e-05,0.000392450437779544,0.000552123249933335,0.000835885600536137,0.00187401893855074,0.0043158321548006,0.0316709600650437,0.0887124457965239,0.2062798912318,0.175336709427611,0.121860912118863,0.0596381421777065,0.0670898252288347,0.0633687918765764,0.0447770212591759,0.0537591893207712,0.0421889337139758,0.0221574223821414,0.00920852804302662,0.00306308101982633,0.0016623257592682,0.000416478226829592,0.000102849080245674,0.00056025683186459,0,0,0,2.7065547433072e-05,0,0,0,0,0,0,0,3.78917664063008e-05,1.3532773716536e-05,9.74359707590592e-05,0.000392450437779544,0.000552123249933335,0.000835885600536137,0.00187401893855074,0.0043158321548006,0.0316709600650437,0.0887124457965239,0.2062798912318,0.175336709427611,0.121860912118863,0.0596381421777065,0.0670898252288347,0.0633687918765764,0.0447770212591759,0.0537591893207712,0.0421889337139758,0.0221574223821414,0.00920852804302662,0.00306308101982633,0.0016623257592682,0.000416478226829592,0.000102849080245674,0.00056025683186459,0,0,0,2.7065547433072e-05,0,0,0,0,0
2011,1,1,0,1,190,0,0,0,0,0,0.000741887047891867,0.000654112338800557,0.00147960935088835,0.00156416886630973,0.00300040723026968,0.00799362647836249,0.0171365493829658,0.0470788226488854,0.0836791272092328,0.148114568393882,0.228906762580059,0.171051070074644,0.129745206972181,0.0704693228795799,0.0246147663568638,0.0292792475374361,0.0141623261108578,0.00928828326696334,0.00360948255006487,0.0023446261682573,0.00241619757600808,0.00070328670136968,0.00130554608285571,2.81936706652051e-05,9.6328374772784e-05,2.81936706652051e-05,0.000508280479268678,0,0,0,0,0,0,0,0,0,0,0.000741887047891867,0.000654112338800557,0.00147960935088835,0.00156416886630973,0.00300040723026968,0.00799362647836249,0.0171365493829658,0.0470788226488854,0.0836791272092328,0.148114568393882,0.228906762580059,0.171051070074644,0.129745206972181,0.0704693228795799,0.0246147663568638,0.0292792475374361,0.0141623261108578,0.00928828326696334,0.00360948255006487,0.0023446261682573,0.00241619757600808,0.00070328670136968,0.00130554608285571,2.81936706652051e-05,9.6328374772784e-05,2.81936706652051e-05,0.000508280479268678,0,0,0,0,0
2012,1,1,0,1,165,0,0,0,0.000207515903066009,0.00013834393537734,1.72929919221675e-05,0,0,0.000514946870571209,0.000931687515252823,0.00293878439260614,0.0179897949266572,0.0853307807938558,0.120795316828173,0.189254596567553,0.178383986830336,0.133712969448189,0.147274645816567,0.0836485457681961,0.0241030917360924,0.00772053163154103,0.0035693741797783,0.00162682220304835,0.000559368815429475,8.26220725170223e-05,0.000267080653020142,0.000267080653020142,0.000664819467229993,0,0,0,0,0,0,0,0,0,0,0,0,0.000207515903066009,0.00013834393537734,1.72929919221675e-05,0,0,0.000514946870571209,0.000931687515252823,0.00293878439260614,0.0179897949266572,0.0853307807938558,0.120795316828173,0.189254596567553,0.178383986830336,0.133712969448189,0.147274645816567,0.0836485457681961,0.0241030917360924,0.00772053163154103,0.0035693741797783,0.00162682220304835,0.000559368815429475,8.26220725170223e-05,0.000267080653020142,0.000267080653020142,0.000664819467229993,0,0,0,0,0,0,0,0,0
2013,1,1,0,1,81,0,0,0,0,2.634295492187e-05,0.00018440068445309,7.902886476561e-05,0,0,0.000231818003312456,0.000505784734499904,0.00491884432889933,0.0234326292064332,0.0749542848494952,0.158346307505221,0.205722585795971,0.212502693152745,0.16992951212306,0.082839431078865,0.0245354995843033,0.0196006654522038,0.00706821394121836,0.0067054421819943,0.00125246115678535,0.00329977707341326,0.00211334892363207,0.000261673352223909,0.000222451619340236,0.000434951455709987,0.000279820721170086,2.634295492187e-05,0.000110640410671854,0.000196108664418366,2.634295492187e-05,8.19558597569289e-05,0.000110640410671854,0,0,0,0,0,2.634295492187e-05,0.00018440068445309,7.902886476561e-05,0,0,0.000231818003312456,0.000505784734499904,0.00491884432889933,0.0234326292064332,0.0749542848494952,0.158346307505221,0.205722585795971,0.212502693152745,0.16992951212306,0.082839431078865,0.0245354995843033,0.0196006654522038,0.00706821394121836,0.0067054421819943,0.00125246115678535,0.00329977707341326,0.00211334892363207,0.000261673352223909,0.000222451619340236,0.000434951455709987,0.000279820721170086,2.634295492187e-05,0.000110640410671854,0.000196108664418366,2.634295492187e-05,8.19558597569289e-05,0.000110640410671854,0
2014,1,1,0,1,91,0,0,0,0,0,0,7.35748757183282e-05,7.35748757183282e-05,0.00156771081338284,0.000503704918379324,0.00451636544794045,0.0157620022211957,0.0323176216039854,0.0197352164436844,0.0500493222722141,0.165579218129216,0.223310495879114,0.241390569254133,0.1531026563623,0.0765468970774328,0.0072299775737003,0.00308552907994041,0.00198918258022554,0.00105268668335454,0.000540323489156925,0,0.00138094382117478,2.82980291224339e-05,2.82980291224339e-05,0.000135830539787683,0,0,0,0,0,0,0,0,0,0,0,0,0,7.35748757183282e-05,7.35748757183282e-05,0.00156771081338284,0.000503704918379324,0.00451636544794045,0.0157620022211957,0.0323176216039854,0.0197352164436844,0.0500493222722141,0.165579218129216,0.223310495879114,0.241390569254133,0.1531026563623,0.0765468970774328,0.0072299775737003,0.00308552907994041,0.00198918258022554,0.00105268668335454,0.000540323489156925,0,0.00138094382117478,2.82980291224339e-05,2.82980291224339e-05,0.000135830539787683,0,0,0,0,0,0,0
2015,1,1,0,1,203,0,0,0,1.20247426991144e-05,1.20247426991144e-05,0.000250801776295815,0.000499885732206042,0.000413994712926653,0.000219881009355235,0.00155634526934252,0.0044144261965437,0.009080153217928,0.0494932519568839,0.0891135943563861,0.150031200147306,0.127763922511817,0.177026634366569,0.128127264936481,0.0994380703261309,0.0565766006891217,0.0527860979262784,0.0331728999552782,0.0102467727838596,0.00816651811308427,0.000546021479704684,0.000611544057269247,8.93266600505641e-05,0.000333564129927084,1.71782038558777e-05,0,0,0,0,0,0,0,0,0,0,0,1.20247426991144e-05,1.20247426991144e-05,0.000250801776295815,0.000499885732206042,0.000413994712926653,0.000219881009355235,0.00155634526934252,0.0044144261965437,0.009080153217928,0.0494932519568839,0.0891135943563861,0.150031200147306,0.127763922511817,0.177026634366569,0.128127264936481,0.0994380703261309,0.0565766006891217,0.0527860979262784,0.0331728999552782,0.0102467727838596,0.00816651811308427,0.000546021479704684,0.000611544057269247,8.93266600505641e-05,0.000333564129927084,1.71782038558777e-05,0,0,0,0,0,0,0,0
2016,1,1,0,1,197,0,0,0,4.73383902442125e-05,4.37555436878353e-05,0.00102096268604949,0.00087596167599508,0.00159707734460599,0.000805413788527375,0.00345328824003087,0.0111554617089207,0.0192493269007068,0.0344652191335635,0.0493819118311574,0.113687998669189,0.150763932277172,0.190417411518425,0.171473224292021,0.100792558689516,0.0553629107125982,0.0393884637439798,0.0252562714109716,0.0186246999150484,0.00635964744457002,0.0045490918235145,8.02184967610313e-05,0.00114056117212957,7.29259061463921e-06,0,0,0,0,0,0,0,0,0,0,0,0,4.73383902442125e-05,4.37555436878353e-05,0.00102096268604949,0.00087596167599508,0.00159707734460599,0.000805413788527375,0.00345328824003087,0.0111554617089207,0.0192493269007068,0.0344652191335635,0.0493819118311574,0.113687998669189,0.150763932277172,0.190417411518425,0.171473224292021,0.100792558689516,0.0553629107125982,0.0393884637439798,0.0252562714109716,0.0186246999150484,0.00635964744457002,0.0045490918235145,8.02184967610313e-05,0.00114056117212957,7.29259061463921e-06,0,0,0,0,0,0,0,0,0
2017,1,1,0,1,164,0,0,0,0,0,0,1.99718826263125e-05,3.3247310489685e-05,5.99156478789376e-05,0.00145479011204092,0.00271855257963627,0.00794965464620969,0.0159411046183666,0.0358523740759463,0.0684209232414977,0.134192604591399,0.193263018381483,0.222253188264814,0.151926334831617,0.0801486296101385,0.0420425333909934,0.0193561265859404,0.00867578777884852,0.00765855125776998,0.00234469902032909,0.00396641588958567,0.0001917300732126,0.000798875305052501,0.000379465769899938,0.000283600733293638,6.79044009294626e-05,0,0,0,0,0,0,0,0,0,0,0,0,1.99718826263125e-05,3.3247310489685e-05,5.99156478789376e-05,0.00145479011204092,0.00271855257963627,0.00794965464620969,0.0159411046183666,0.0358523740759463,0.0684209232414977,0.134192604591399,0.193263018381483,0.222253188264814,0.151926334831617,0.0801486296101385,0.0420425333909934,0.0193561265859404,0.00867578777884852,0.00765855125776998,0.00234469902032909,0.00396641588958567,0.0001917300732126,0.000798875305052501,0.000379465769899938,0.000283600733293638,6.79044009294626e-05,0,0,0,0,0,0
2018,1,1,0,1,185,0,0,0,9.51416107994609e-06,0.000266396510238491,0.000369149449901908,0.000106558604095396,6.65991275596226e-05,0.000790445563627712,0.000528987356045003,0.0025905628725486,0.0183522765567216,0.0377450404806015,0.0704385229759552,0.0817604500598232,0.125935495003336,0.161358560984652,0.159474526590071,0.147900366563914,0.101948709890356,0.0569212709611616,0.0210458775620174,0.00895414016482552,0.00152497824146005,0.000261322290995853,0.000889115142616986,0.000418623087517628,0.00017125489943903,5.70849664796765e-05,5.70849664796765e-05,0,5.70849664796765e-05,0,0,0,0,0,0,0,0,9.51416107994609e-06,0.000266396510238491,0.000369149449901908,0.000106558604095396,6.65991275596226e-05,0.000790445563627712,0.000528987356045003,0.0025905628725486,0.0183522765567216,0.0377450404806015,0.0704385229759552,0.0817604500598232,0.125935495003336,0.161358560984652,0.159474526590071,0.147900366563914,0.101948709890356,0.0569212709611616,0.0210458775620174,0.00895414016482552,0.00152497824146005,0.000261322290995853,0.000889115142616986,0.000418623087517628,0.00017125489943903,5.70849664796765e-05,5.70849664796765e-05,0,5.70849664796765e-05,0,0,0,0,0
2019,1,1,0,1,163,0,0,0.000165131726126683,0.000357482967548974,0.000321190280488164,0.00060790250826856,0.000442770782141876,0.00080025374969085,4.89951275320929e-05,0.00134101478689691,0.00240620515213167,0.0103428182864514,0.0167682188144654,0.0399369105222189,0.069989006453729,0.112098300379646,0.148410974016099,0.165451498656403,0.156117261502555,0.117191018964739,0.0808568298752553,0.0470511093368007,0.0164647339176381,0.00884724978824884,0.00176745385986142,0.00170031238879893,0.000506282984498293,0,9.07317176520238e-06,0,0,0,0,0,0,0,0,0,0,0.000165131726126683,0.000357482967548974,0.000321190280488164,0.00060790250826856,0.000442770782141876,0.00080025374969085,4.89951275320929e-05,0.00134101478689691,0.00240620515213167,0.0103428182864514,0.0167682188144654,0.0399369105222189,0.069989006453729,0.112098300379646,0.148410974016099,0.165451498656403,0.156117261502555,0.117191018964739,0.0808568298752553,0.0470511093368007,0.0164647339176381,0.00884724978824884,0.00176745385986142,0.00170031238879893,0.000506282984498293,0,9.07317176520238e-06,0,0,0,0,0,0,0,0
2020,1,1,0,1,75,0,0,0,0,0,0,0,0,6.04764008850582e-05,0.000102683889002755,0.00140439642055302,0.00531240384441248,0.00218387003196044,0.0131569769925493,0.0460644857766964,0.0930005411328491,0.143925302900435,0.198054682419476,0.196314551780151,0.135630955432719,0.075466988754442,0.048284526456633,0.0250921067005506,0.00911961726679684,0.00361178505285764,0.000545127557977817,0.00253748898713557,1.67990002458495e-05,0,0,0,0,0,0,0,0.000114233201671777,0,0,0,0,0,0,0,0,0,6.04764008850582e-05,0.000102683889002755,0.00140439642055302,0.00531240384441248,0.00218387003196044,0.0131569769925493,0.0460644857766964,0.0930005411328491,0.143925302900435,0.198054682419476,0.196314551780151,0.135630955432719,0.075466988754442,0.048284526456633,0.0250921067005506,0.00911961726679684,0.00361178505285764,0.000545127557977817,0.00253748898713557,1.67990002458495e-05,0,0,0,0,0,0,0,0.000114233201671777,0
2021,1,1,0,1,95,0,3.47790034035897e-05,0,0,0,0.00070949166943323,0.00123581392094089,0.000267798326207641,0.00209833320534991,0.0040709019319237,0.01670138592595,0.0262497365278219,0.0286230336860303,0.0334030611186618,0.0584223709782664,0.0956954333318318,0.152662282386906,0.134085447510838,0.178501644457244,0.130317403812312,0.0796510489652624,0.0356050576447197,0.0106280745006751,0.00785288333462245,0.00182763662885864,0.00114770711231846,0.000104337010210769,0,0,0,0,0,0.000104337010210769,0,0,0,0,0,3.47790034035897e-05,0,0,0,0.00070949166943323,0.00123581392094089,0.000267798326207641,0.00209833320534991,0.0040709019319237,0.01670138592595,0.0262497365278219,0.0286230336860303,0.0334030611186618,0.0584223709782664,0.0956954333318318,0.152662282386906,0.134085447510838,0.178501644457244,0.130317403812312,0.0796510489652624,0.0356050576447197,0.0106280745006751,0.00785288333462245,0.00182763662885864,0.00114770711231846,0.000104337010210769,0,0,0,0,0,0.000104337010210769,0,0,0,0
2004,1,2,0,1,5,0,0,0,0,0,0,0,0,0,0,0,0,0.00155520869049236,0,0,0.00155520869049236,0.00155520869049236,0.273716729526655,0,0.559875940590663,0,0,0,0,0,0,0,0,0,0,0,0.161741703811205,0,0,0,0,0,0,0,0,0,0,0,0,0,0,0,0,0,0.00155520869049236,0,0,0.00155520869049236,0.00155520869049236,0.273716729526655,0,0.559875940590663,0,0,0,0,0,0,0,0,0,0,0,0.161741703811205,0,0,0,0,0
2005,1,2,0,1,2,0,0,0,0,0,0,0,0.0644534079138791,0,0,0,0.226853479382474,0.151235652921649,0.0807386356467859,0.0756178264608247,0.112965339603725,0.124665034301136,0.0439263986543502,0,0.0439263986543502,0,0,0,0.0756178264608247,0,0,0,0,0,0,0,0,0,0,0,0,0,0,0,0,0,0,0,0,0.0644534079138791,0,0,0,0.226853479382474,0.151235652921649,0.0807386356467859,0.0756178264608247,0.112965339603725,0.124665034301136,0.0439263986543502,0,0.0439263986543502,0,0,0,0.0756178264608247,0,0,0,0,0,0,0,0,0,0,0,0,0
2006,1,2,0,1,169,0.00140822748009303,6.77509113867805e-05,0.000406505468320683,0.00385909191259102,0.00134146804545825,0.000605818871138536,0.00180217424288836,0.00588077910837255,0.0106800286627469,0.027065072311119,0.0511708025644223,0.0668545651241513,0.100519220359711,0.100146755288802,0.156355643598307,0.0922249559430949,0.102077937409791,0.0663405073983208,0.0456071113115941,0.0689512044852269,0.0265938783523291,0.0129753222973809,0.0193055839401378,0.0159517673108046,0.00653118785768564,0.00493226634895762,0.00972106501040893,0.000623308384758381,0,0,0,0,0,0,0,0,0,0.00140822748009303,6.77509113867805e-05,0.000406505468320683,0.00385909191259102,0.00134146804545825,0.000605818871138536,0.00180217424288836,0.00588077910837255,0.0106800286627469,0.027065072311119,0.0511708025644223,0.0668545651241513,0.100519220359711,0.100146755288802,0.156355643598307,0.0922249559430949,0.102077937409791,0.0663405073983208,0.0456071113115941,0.0689512044852269,0.0265938783523291,0.0129753222973809,0.0193055839401378,0.0159517673108046,0.00653118785768564,0.00493226634895762,0.00972106501040893,0.000623308384758381,0,0,0,0,0,0,0,0,0
2007,1,2,0,1,162,0.000338227528999073,0,0,0.000229790763420476,0.000300495613703699,0.000159085913137252,0.00173226883193897,0.00383534154617257,0.00996595955601636,0.0396188790116261,0.0368839690412076,0.0366481221827177,0.0239915747175804,0.0240990741400913,0.0883450605586681,0.120075008894815,0.130381899940516,0.127412416531617,0.110624412449141,0.0804754585929162,0.0791438883824888,0.0381389272686899,0.0254036439427949,0.00818772196947428,0.005238222086432,0,0.00562692326637778,0.00314362726945866,0,0,0,0,0,0,0,0,0,0.000338227528999073,0,0,0.000229790763420476,0.000300495613703699,0.000159085913137252,0.00173226883193897,0.00383534154617257,0.00996595955601636,0.0396188790116261,0.0368839690412076,0.0366481221827177,0.0239915747175804,0.0240990741400913,0.0883450605586681,0.120075008894815,0.130381899940516,0.127412416531617,0.110624412449141,0.0804754585929162,0.0791438883824888,0.0381389272686899,0.0254036439427949,0.00818772196947428,0.005238222086432,0,0.00562692326637778,0.00314362726945866,0,0,0,0,0,0,0,0,0
2008,1,2,0,1,169,0.0204104969280214,0.000446945188204849,0.00438006284440752,0.00783643896652502,0.00840993098840983,0.00635152930594797,0.00423108111500591,0.00399683895013148,0.00414169207736494,0.00701207339716941,0.0158218596624517,0.0461650013738726,0.0804746557502709,0.0632064381380113,0.0846585793521492,0.0808636192746235,0.0581062780348407,0.124891434380806,0.0896962861523937,0.0559060599873649,0.0368729780269001,0.0651647052981439,0.0696638989041735,0.0221685137619456,0.0204104969280214,0.0131401885332226,0.0021751332492636,0,0,0.000655519609367112,0.00211554055750295,0.000327759804683556,0,0.000297963458803233,0,0,0,0.0204104969280214,0.000446945188204849,0.00438006284440752,0.00783643896652502,0.00840993098840983,0.00635152930594797,0.00423108111500591,0.00399683895013148,0.00414169207736494,0.00701207339716941,0.0158218596624517,0.0461650013738726,0.0804746557502709,0.0632064381380113,0.0846585793521492,0.0808636192746235,0.0581062780348407,0.124891434380806,0.0896962861523937,0.0559060599873649,0.0368729780269001,0.0651647052981439,0.0696638989041735,0.0221685137619456,0.0204104969280214,0.0131401885332226,0.0021751332492636,0,0,0.000655519609367112,0.00211554055750295,0.000327759804683556,0,0.000297963458803233,0,0,0
2009,1,2,0,1,303,0,1.84030899252321e-05,0.000399960487708377,0.00598100422570042,0.000758207304919561,0.0128049507973922,0.0980656467859441,0.153866743770818,0.212608945242713,0.112006816559633,0.147842574071698,0.127100477588556,0.0588937118033014,0.0134561935442317,0.00949108691077302,0.00815568427087612,0.00985025453332145,0.012122128406677,0.00547660959238486,0.00456113348970787,0.00292510314966095,0.000934873808873046,0.000379100493131038,9.20154496261603e-05,0.000581541137001042,0.00056313804707581,0.000242917627684321,0.000802374720740118,0,1.84030899252321e-05,0,0,0,0,0,0,0,0,1.84030899252321e-05,0.000399960487708377,0.00598100422570042,0.000758207304919561,0.0128049507973922,0.0980656467859441,0.153866743770818,0.212608945242713,0.112006816559633,0.147842574071698,0.127100477588556,0.0588937118033014,0.0134561935442317,0.00949108691077302,0.00815568427087612,0.00985025453332145,0.012122128406677,0.00547660959238486,0.00456113348970787,0.00292510314966095,0.000934873808873046,0.000379100493131038,9.20154496261603e-05,0.000581541137001042,0.00056313804707581,0.000242917627684321,0.000802374720740118,0,1.84030899252321e-05,0,0,0,0,0,0,0
2010,1,2,0,1,204,2.75101514395691e-05,0.000148554817773673,0.000456668513896848,0,0,0.000605223331670521,0.00480877447163668,0.00694306203877562,0.00388462543512763,0.0273977303061928,0.0696295754157366,0.209804441491923,0.214261701823653,0.199246122214123,0.193134085476212,0.0346290285098645,0.0163123011064796,0.0099134517309882,0.00519990987478285,0.000521120868698124,0.00179602280827245,0.00124707743102607,0,0,0,0,0,0,3.3012181727483e-05,0,0,0,0,0,0,0,0,2.75101514395691e-05,0.000148554817773673,0.000456668513896848,0,0,0.000605223331670521,0.00480877447163668,0.00694306203877562,0.00388462543512763,0.0273977303061928,0.0696295754157366,0.209804441491923,0.214261701823653,0.199246122214123,0.193134085476212,0.0346290285098645,0.0163123011064796,0.0099134517309882,0.00519990987478285,0.000521120868698124,0.00179602280827245,0.00124707743102607,0,0,0,0,0,0,3.3012181727483e-05,0,0,0,0,0,0,0,0
2011,1,2,0,1,130,0.00626464247386379,0.0090366081702637,0.0344084101894121,0.0545876998698684,0.0521483700570365,0.0320993627643109,0.0557253807878666,0.0549353547675732,0.0718588588741985,0.181994248643681,0.181139749649982,0.103869113546814,0.0726067233150625,0.0317541631049243,0.0138414192441685,0.0285731042557748,0.000831589708919973,0.00277196569639991,0.000831589708919973,0.000554393139279982,0.00961285889239946,0.000277196569639991,0.000277196569639991,0,0,0,0,0,0,0,0,0,0,0,0,0,0,0.00626464247386379,0.0090366081702637,0.0344084101894121,0.0545876998698684,0.0521483700570365,0.0320993627643109,0.0557253807878666,0.0549353547675732,0.0718588588741985,0.181994248643681,0.181139749649982,0.103869113546814,0.0726067233150625,0.0317541631049243,0.0138414192441685,0.0285731042557748,0.000831589708919973,0.00277196569639991,0.000831589708919973,0.000554393139279982,0.00961285889239946,0.000277196569639991,0.000277196569639991,0,0,0,0,0,0,0,0,0,0,0,0,0,0
2012,1,2,0,1,123,0.0185412253136461,0.00155981736765594,0.00666110687193953,0.0043164757343938,0.0100063755660947,0.017167801216339,0.034616138933757,0.080254062232389,0.27314087263658,0.144374359293053,0.14081022020573,0.0730104469620804,0.0771013406433035,0.0481008228966659,0.0290054089121765,0.013636139251835,0.00451267917686625,0.0155327725290686,0.00176583098225201,0.00392406884944891,0.00196203442472446,0,0,0,0,0,0,0,0,0,0,0,0,0,0,0,0,0.0185412253136461,0.00155981736765594,0.00666110687193953,0.0043164757343938,0.0100063755660947,0.017167801216339,0.034616138933757,0.080254062232389,0.27314087263658,0.144374359293053,0.14081022020573,0.0730104469620804,0.0771013406433035,0.0481008228966659,0.0290054089121765,0.013636139251835,0.00451267917686625,0.0155327725290686,0.00176583098225201,0.00392406884944891,0.00196203442472446,0,0,0,0,0,0,0,0,0,0,0,0,0,0,0,0
2013,1,2,0,1,153,0.00787754136199164,0.0146164068376312,0.0427093447573252,0.0938237733754472,0.0981653001567439,0.118299105607732,0.0446431339777369,0.0425233650287851,0.0630846518353756,0.0803209767640111,0.0852774290122373,0.088409794337577,0.0835108974605937,0.0373171162169157,0.0440591976257615,0.0494826064838346,0.00443951610063501,0.000479947686555136,0.000479947686555136,0.000479947686555136,0,0,0,0,0,0,0,0,0,0,0,0,0,0,0,0,0,0.00787754136199164,0.0146164068376312,0.0427093447573252,0.0938237733754472,0.0981653001567439,0.118299105607732,0.0446431339777369,0.0425233650287851,0.0630846518353756,0.0803209767640111,0.0852774290122373,0.088409794337577,0.0835108974605937,0.0373171162169157,0.0440591976257615,0.0494826064838346,0.00443951610063501,0.000479947686555136,0.000479947686555136,0.000479947686555136,0,0,0,0,0,0,0,0,0,0,0,0,0,0,0,0,0
2014,1,2,0,1,215,0.00216260702998994,0.000667587387518633,0.00124114838242901,0.00799851179787583,0.0150693031203602,0.0271868941944209,0.0297499638179396,0.0588658797595378,0.132107349997891,0.23757120098773,0.219001964671716,0.141000275879498,0.0659843470260743,0.0312982518862022,0.0253119048901431,0.0023318545366848,0.000789821697909369,0.000188052785216516,0,0,0.000564158355649549,0,0,0,0.000470131963041291,0,0.000344763439563614,0,0,9.40263926082582e-05,0,0,0,0,0,0,0,0.00216260702998994,0.000667587387518633,0.00124114838242901,0.00799851179787583,0.0150693031203602,0.0271868941944209,0.0297499638179396,0.0588658797595378,0.132107349997891,0.23757120098773,0.219001964671716,0.141000275879498,0.0659843470260743,0.0312982518862022,0.0253119048901431,0.0023318545366848,0.000789821697909369,0.000188052785216516,0,0,0.000564158355649549,0,0,0,0.000470131963041291,0,0.000344763439563614,0,0,9.40263926082582e-05,0,0,0,0,0,0,0
2015,1,2,0,1,160,0,0.0017409255294579,0.0005803085098193,0,0.0005803085098193,0.000768801310971717,0.0120839122052013,0.0355448920255481,0.145381026916854,0.147787461401271,0.238023288362153,0.180987043747676,0.0726327704012805,0.0829888356653863,0.0312001008030661,0.0234216659623854,0.0230216771377491,0.00162486382749404,0.000616577791683006,0.000435231382364475,0.000145077127454825,0.00029015425490965,0,0.000145077127454825,0,0,0,0,0,0,0,0,0,0,0,0,0,0,0.0017409255294579,0.0005803085098193,0,0.0005803085098193,0.000768801310971717,0.0120839122052013,0.0355448920255481,0.145381026916854,0.147787461401271,0.238023288362153,0.180987043747676,0.0726327704012805,0.0829888356653863,0.0312001008030661,0.0234216659623854,0.0230216771377491,0.00162486382749404,0.000616577791683006,0.000435231382364475,0.000145077127454825,0.00029015425490965,0,0.000145077127454825,0,0,0,0,0,0,0,0,0,0,0,0,0
2016,1,2,0,1,158,0.00388504603951735,0.00471094868397257,0.0216273226198885,0.0533467036106515,0.0771664030414331,0.0808388675948322,0.0386312309360403,0.00652013611962134,0.0122467464224761,0.0188212474976987,0.0299433059301121,0.0419884184997351,0.043567577788844,0.0741622402514159,0.168156845186638,0.162450438010079,0.095315437022431,0.04129960516258,0.00704103738678192,0.0134423914411532,0.0047285099823073,0.000109540771790903,0,0,0,0,0,0,0,0,0,0,0,0,0,0,0,0.00388504603951735,0.00471094868397257,0.0216273226198885,0.0533467036106515,0.0771664030414331,0.0808388675948322,0.0386312309360403,0.00652013611962134,0.0122467464224761,0.0188212474976987,0.0299433059301121,0.0419884184997351,0.043567577788844,0.0741622402514159,0.168156845186638,0.162450438010079,0.095315437022431,0.04129960516258,0.00704103738678192,0.0134423914411532,0.0047285099823073,0.000109540771790903,0,0,0,0,0,0,0,0,0,0,0,0,0,0,0
2017,1,2,0,1,195,0.000966426099252517,0.00646913797050665,0.00614370877381957,0.0207288536798856,0.0336572681300902,0.0482489873633621,0.0854925509842159,0.104840561153483,0.124329704058081,0.173463873275458,0.179405311867364,0.110330641599296,0.063679637707574,0.0134806509174551,0.0140119445148271,0.00891560948196476,0.00167358330209424,0.00181451430880064,0.000650858393374144,0.000147922362130487,0.000532520503669754,0.000493074540434958,0.000305706215069674,0.000216952797791381,0,0,0,0,0,0,0,0,0,0,0,0,0,0.000966426099252517,0.00646913797050665,0.00614370877381957,0.0207288536798856,0.0336572681300902,0.0482489873633621,0.0854925509842159,0.104840561153483,0.124329704058081,0.173463873275458,0.179405311867364,0.110330641599296,0.063679637707574,0.0134806509174551,0.0140119445148271,0.00891560948196476,0.00167358330209424,0.00181451430880064,0.000650858393374144,0.000147922362130487,0.000532520503669754,0.000493074540434958,0.000305706215069674,0.000216952797791381,0,0,0,0,0,0,0,0,0,0,0,0,0
2018,1,2,0,1,132,0.000251223381756668,0,0,0.000418705636261114,0.00104676409065279,0.00168877939958649,0.000544317327139448,0.00368161884455308,0.0104366802529652,0.0279213551648151,0.0432377551975352,0.273486863943917,0.328756694829328,0.161108037640834,0.107917785061326,0.0197636925191386,0.0123960147846069,0.00341449008635403,0.000956411821775387,0.000209352818130557,0.000104676409065279,0.00265878079025807,0,0,0,0,0,0,0,0,0,0,0,0,0,0,0,0.000251223381756668,0,0,0.000418705636261114,0.00104676409065279,0.00168877939958649,0.000544317327139448,0.00368161884455308,0.0104366802529652,0.0279213551648151,0.0432377551975352,0.273486863943917,0.328756694829328,0.161108037640834,0.107917785061326,0.0197636925191386,0.0123960147846069,0.00341449008635403,0.000956411821775387,0.000209352818130557,0.000104676409065279,0.00265878079025807,0,0,0,0,0,0,0,0,0,0,0,0,0,0,0
2019,1,2,0,1,238,0,0.00209754946065673,0.00347491026529398,0.0041005741602109,0.0114834976197165,0.0092836830631385,0.00890594474039832,0.0202712616027802,0.044216100705585,0.0650277394962243,0.0802726360421648,0.0708393960257994,0.0983964740501266,0.155098719552645,0.150880378599987,0.140140112462479,0.0794035803662807,0.023994154594954,0.00783580261679525,0.00783767810808697,0.0140271744690127,0.00163842919244431,0.000729191014219721,0,0,0,0,0,0,0,0,0,0,0,0,4.50117910012173e-05,0,0,0.00209754946065673,0.00347491026529398,0.0041005741602109,0.0114834976197165,0.0092836830631385,0.00890594474039832,0.0202712616027802,0.044216100705585,0.0650277394962243,0.0802726360421648,0.0708393960257994,0.0983964740501266,0.155098719552645,0.150880378599987,0.140140112462479,0.0794035803662807,0.023994154594954,0.00783580261679525,0.00783767810808697,0.0140271744690127,0.00163842919244431,0.000729191014219721,0,0,0,0,0,0,0,0,0,0,0,0,4.50117910012173e-05,0
2020,1,2,0,1,271,0.00208077503220203,0.000799225689868801,0.00186749559140133,0.0145303121467458,0.0212384707536862,0.0506043354859329,0.0479121868301467,0.0383372510911768,0.0426472202119513,0.0790744428637085,0.113738171543015,0.0806515349302428,0.0650809388934251,0.0823347258842827,0.10309575665238,0.11621737210294,0.0809860689212174,0.0375710909302305,0.0152989520689438,0.00220736362445694,0.00193164655416621,0.00148254594304927,0.000104038751610102,0,0,0,0.000208077503220203,0,0,0,0,0,0,0,0,0,0,0.00208077503220203,0.000799225689868801,0.00186749559140133,0.0145303121467458,0.0212384707536862,0.0506043354859329,0.0479121868301467,0.0383372510911768,0.0426472202119513,0.0790744428637085,0.113738171543015,0.0806515349302428,0.0650809388934251,0.0823347258842827,0.10309575665238,0.11621737210294,0.0809860689212174,0.0375710909302305,0.0152989520689438,0.00220736362445694,0.00193164655416621,0.00148254594304927,0.000104038751610102,0,0,0,0.000208077503220203,0,0,0,0,0,0,0,0,0,0
2021,1,2,0,1,327,0.00102578372964022,0.000853058847870895,0.00284914055646927,0.00966973033712041,0.0192590048014569,0.020224069345308,0.0200986566758147,0.0271469359085541,0.0633654915193571,0.157877147259731,0.190546583879891,0.190711049182274,0.141464408767036,0.054900271414228,0.0382335664039303,0.0300042287168887,0.0205117627427724,0.0063115557103149,0.00302081756630398,0.00124288081527837,0,0,0,0.0004559038798401,0.00022795193992005,0,0,0,0,0,0,0,0,0,0,0,0,0.00102578372964022,0.000853058847870895,0.00284914055646927,0.00966973033712041,0.0192590048014569,0.020224069345308,0.0200986566758147,0.0271469359085541,0.0633654915193571,0.157877147259731,0.190546583879891,0.190711049182274,0.141464408767036,0.054900271414228,0.0382335664039303,0.0300042287168887,0.0205117627427724,0.0063115557103149,0.00302081756630398,0.00124288081527837,0,0,0,0.0004559038798401,0.00022795193992005,0,0,0,0,0,0,0,0,0,0,0,0
